id,first_name,last_name,email,gender,ip_address
1,Jonathon,Brakewell,jbrakewell0@usatoday.com,Male,104.167.61.203
2,Stanley,Spacy,sspacy1@360.cn,Male,216.166.66.179
3,Karel,Chuck,kchuck2@latimes.com,Female,255.35.34.81
4,Rudd,Simioni,rsimioni3@usa.gov,Male,130.241.130.0
5,Jose,Gabbat,jgabbat4@discovery.com,Male,84.152.8.66
6,Kathy,Cardillo,kcardillo5@yelp.com,Genderfluid,208.196.117.200
7,Fulton,Acome,facome6@nymag.com,Male,27.59.68.117
8,Suzanna,Carnegy,scarnegy7@reference.com,Female,248.29.197.62
9,Corny,Balling,cballing8@360.cn,Male,37.125.216.239
10,Roderigo,Nisius,rnisius9@domainmarket.com,Male,102.111.190.0
11,Emilie,Misk,emiska@globo.com,Female,79.211.224.80
12,Farrell,Prue,fprueb@webnode.com,Male,165.203.34.1
13,Maria,Chamley,mchamleyc@myspace.com,Female,194.43.68.194
14,Agnola,Gocke,agocked@indiatimes.com,Female,204.92.51.32
15,Huntlee,Dunrige,hdunrigee@usa.gov,Male,204.153.195.12
16,Celisse,Sainsbury,csainsburyf@is.gd,Female,117.238.166.126
17,Una,Kestin,ukesting@narod.ru,Female,184.213.176.204
18,Tan,Wraith,twraithh@ca.gov,Male,158.133.73.240
19,Brigid,Garnsworthy,bgarnsworthyi@ow.ly,Female,53.163.56.90
20,Camey,Borman,cbormanj@blinklist.com,Genderqueer,24.172.64.55
21,Lee,Grazier,lgrazierk@toplist.cz,Male,144.176.105.82
22,Wells,Cassely,wcasselyl@dot.gov,Male,19.114.221.223
23,Phaidra,Turbefield,pturbefieldm@harvard.edu,Female,136.21.223.114
24,Casie,Ferron,cferronn@imdb.com,Female,56.65.207.162
25,Donnajean,Olenchenko,dolenchenkoo@moonfruit.com,Female,96.193.48.114
26,Blondell,Barbera,bbarberap@imdb.com,Female,159.170.197.32
27,Atlante,Thunderman,athundermanq@typepad.com,Female,170.118.200.210
28,Mag,Jachtym,mjachtymr@google.co.uk,Genderqueer,251.240.9.180
29,Minny,Ambrogio,mambrogios@guardian.co.uk,Female,223.19.99.108
30,Cheslie,Heape,cheapet@harvard.edu,Female,244.218.122.113
31,Tammie,Davydenko,tdavydenkou@europa.eu,Female,111.25.80.226
32,Jobye,Rainton,jraintonv@is.gd,Genderfluid,194.77.85.104
33,Karlan,Rubinow,krubinoww@yelp.com,Male,170.105.22.211
34,Chick,Crowne,ccrownex@examiner.com,Male,52.134.158.163
35,Sophey,Hoff,shoffy@amazon.de,Female,130.61.19.228
36,Demott,Matz,dmatzz@mediafire.com,Male,80.173.127.28
37,Twila,Moles,tmoles10@rediff.com,Female,194.48.205.15
38,Betsy,Kynvin,bkynvin11@yale.edu,Female,75.94.19.133
39,Steffi,Heinssen,sheinssen12@reverbnation.com,Female,136.29.248.149
40,Lavena,Skillington,lskillington13@nih.gov,Female,206.33.86.136
41,Myrtia,Redfearn,mredfearn14@nps.gov,Female,110.110.179.140
42,Nefen,Puttock,nputtock15@economist.com,Polygender,78.78.230.139
43,Caz,De Cruze,cdecruze16@ucoz.com,Male,164.226.200.179
44,Tonie,Cottell,tcottell17@themeforest.net,Female,7.83.33.198
45,Rana,Souza,rsouza18@yelp.com,Female,182.152.59.143
46,Joscelin,Clausewitz,jclausewitz19@youku.com,Female,166.113.236.213
47,Kaylee,Rene,krene1a@cpanel.net,Female,175.212.200.2
48,Maurise,Paulot,mpaulot1b@symantec.com,Male,53.182.25.87
49,Bevan,Alway,balway1c@apache.org,Male,25.130.203.5
50,Xaviera,Kohler,xkohler1d@washington.edu,Female,170.111.215.61
51,Bentlee,Moulton,bmoulton1e@tripod.com,Male,48.242.202.125
52,Waldo,Bedder,wbedder1f@meetup.com,Male,169.4.197.188
53,Shirlene,Reven,sreven1g@bravesites.com,Female,210.49.76.181
54,Emmett,Greenacre,egreenacre1h@constantcontact.com,Male,79.254.143.130
55,Alissa,Brisse,abrisse1i@jugem.jp,Female,137.19.255.111
56,Natty,Bullion,nbullion1j@yahoo.co.jp,Female,226.69.77.62
57,Howard,Yurov,hyurov1k@netscape.com,Male,139.159.175.235
58,Lars,Plume,lplume1l@privacy.gov.au,Male,62.182.13.205
59,Kari,Padly,kpadly1m@ibm.com,Female,105.231.2.205
60,Dev,Rapkins,drapkins1n@ted.com,Male,26.66.78.146
61,Lidia,Jiruca,ljiruca1o@4shared.com,Female,109.75.48.185
62,Dur,Polsin,dpolsin1p@myspace.com,Male,69.108.235.219
63,Mel,Treher,mtreher1q@digg.com,Female,174.26.47.156
64,Bernardina,Gebhardt,bgebhardt1r@va.gov,Female,10.253.180.209
65,Louise,Dring,ldring1s@jimdo.com,Female,92.68.123.154
66,Brion,McGuinness,bmcguinness1t@whitehouse.gov,Non-binary,145.90.143.10
67,Talbert,Hedger,thedger1u@i2i.jp,Male,91.8.155.47
68,Kahaleel,Stevings,kstevings1v@trellian.com,Male,6.120.178.166
69,Perry,Grzegorecki,pgrzegorecki1w@slideshare.net,Male,30.38.172.232
70,Filip,Gremane,fgremane1x@163.com,Male,70.248.217.209
71,Borg,Simonetto,bsimonetto1y@mtv.com,Male,108.199.113.25
72,Rollins,McGovern,rmcgovern1z@salon.com,Male,238.16.219.122
73,Chevalier,Garie,cgarie20@cam.ac.uk,Male,129.154.47.130
74,Osmund,Manes,omanes21@springer.com,Male,195.85.91.182
75,Dalis,Satch,dsatch22@thetimes.co.uk,Male,154.225.46.41
76,Stefania,Coulthard,scoulthard23@webs.com,Female,98.99.116.186
77,Sylvester,Niese,sniese24@va.gov,Genderqueer,158.192.121.152
78,Cloe,Folder,cfolder25@vistaprint.com,Female,52.163.160.136
79,Ilse,Gowan,igowan26@discovery.com,Female,111.107.248.108
80,Gretta,Reffe,greffe27@miitbeian.gov.cn,Female,108.121.185.13
81,Nat,Akester,nakester28@csmonitor.com,Agender,242.72.106.156
82,Stormy,Duxfield,sduxfield29@flickr.com,Female,44.63.204.165
83,Joshia,Lob,jlob2a@freewebs.com,Male,57.81.60.47
84,Bartie,Bellocht,bbellocht2b@newsvine.com,Male,130.204.149.210
85,Ortensia,Toderi,otoderi2c@nyu.edu,Non-binary,154.134.168.145
86,Price,Simony,psimony2d@skyrock.com,Male,111.252.169.122
87,Silvanus,Karpmann,skarpmann2e@sakura.ne.jp,Male,62.171.56.124
88,Colline,Hatje,chatje2f@ca.gov,Female,83.224.89.2
89,Yuma,Tourry,ytourry2g@google.es,Male,162.16.165.41
90,Cal,Lent,clent2h@nifty.com,Male,107.196.243.183
91,Nicky,Chapman,nchapman2i@de.vu,Male,34.210.48.188
92,Willis,Sebrook,wsebrook2j@nbcnews.com,Male,247.58.218.85
93,Erek,Malatalant,emalatalant2k@ehow.com,Non-binary,238.75.244.121
94,Iris,Cottham,icottham2l@goodreads.com,Female,60.0.105.247
95,Davina,Wilton,dwilton2m@nhs.uk,Female,205.9.68.217
96,Madeline,Thwaite,mthwaite2n@sbwire.com,Female,201.195.65.160
97,Nessy,Brinkworth,nbrinkworth2o@studiopress.com,Agender,222.72.185.237
98,Monique,Wolton,mwolton2p@gizmodo.com,Female,234.115.154.170
99,Annmaria,Brastead,abrastead2q@studiopress.com,Female,23.52.140.89
100,Berti,Baythorp,bbaythorp2r@last.fm,Male,226.253.122.85
101,Genny,Dickons,gdickons2s@zimbio.com,Female,201.16.60.132
102,Ferdinand,De Micoli,fdemicoli2t@prweb.com,Male,112.251.116.59
103,Shannon,Gibbonson,sgibbonson2u@cocolog-nifty.com,Female,196.180.221.115
104,Marrissa,Longina,mlongina2v@seesaa.net,Female,156.200.34.67
105,Darbee,Edmans,dedmans2w@cornell.edu,Male,138.96.90.25
106,Gratiana,Scotson,gscotson2x@newsvine.com,Female,63.186.182.169
107,Kaila,Edward,kedward2y@weibo.com,Female,171.106.143.237
108,Carlotta,Jackling,cjackling2z@umich.edu,Female,222.230.50.157
109,Hana,Cannon,hcannon30@homestead.com,Female,18.124.245.254
110,Innis,Boughey,iboughey31@feedburner.com,Polygender,181.250.69.252
111,Rafael,Purple,rpurple32@storify.com,Male,98.129.22.74
112,Early,Merredy,emerredy33@livejournal.com,Polygender,77.89.27.54
113,Kendal,Ruston,kruston34@goo.gl,Male,159.12.57.197
114,King,Loadman,kloadman35@weebly.com,Male,117.18.103.41
115,Broddie,Bowling,bbowling36@goo.gl,Male,30.49.254.189
116,Wyndham,Van Ross,wvanross37@t.co,Male,72.178.77.103
117,Filberte,Rodgman,frodgman38@wsj.com,Male,155.82.101.163
118,Ignacio,Habens,ihabens39@com.com,Male,109.176.163.254
119,Simonne,Lodder,slodder3a@themeforest.net,Female,77.74.129.255
120,Elwin,Perroni,eperroni3b@webnode.com,Male,47.41.166.150
121,Pepe,Greschke,pgreschke3c@constantcontact.com,Male,242.240.54.4
122,Rozella,Caulfield,rcaulfield3d@nih.gov,Bigender,118.84.29.123
123,Perceval,Costar,pcostar3e@bravesites.com,Male,119.13.148.236
124,Ansell,Stockell,astockell3f@skyrock.com,Male,52.72.189.209
125,Joye,Swinden,jswinden3g@house.gov,Female,51.75.110.97
126,Cam,Dobinson,cdobinson3h@google.com.hk,Female,56.213.105.120
127,Karoly,Semkins,ksemkins3i@netvibes.com,Male,154.114.64.78
128,Onofredo,Valder,ovalder3j@google.com.au,Male,123.254.15.144
129,Vin,Howel,vhowel3k@omniture.com,Female,76.68.2.75
130,Vladamir,Cotter,vcotter3l@e-recht24.de,Male,102.93.70.33
131,Frederique,Kellart,fkellart3m@comsenz.com,Female,251.41.212.123
132,Carita,Hambrook,chambrook3n@mac.com,Agender,149.139.154.149
133,Oren,Dorran,odorran3o@comcast.net,Male,130.111.25.63
134,Alina,Tomasicchio,atomasicchio3p@howstuffworks.com,Female,231.227.254.64
135,Amabel,Jurges,ajurges3q@posterous.com,Female,177.90.237.95
136,Julissa,Canizares,jcanizares3r@netvibes.com,Female,183.143.87.203
137,Monica,Martine,mmartine3s@netvibes.com,Genderfluid,28.229.24.88
138,Electra,Nutkins,enutkins3t@google.com,Female,113.254.193.65
139,Darsey,McKelvey,dmckelvey3u@biglobe.ne.jp,Female,190.112.79.216
140,Clerc,Jost,cjost3v@addtoany.com,Male,87.206.196.251
141,Vaughn,Fletham,vfletham3w@goo.gl,Male,110.191.111.0
142,Arlen,Coales,acoales3x@theguardian.com,Male,211.129.180.134
143,Dacy,Ableson,dableson3y@php.net,Agender,167.93.158.143
144,Neila,Eason,neason3z@oakley.com,Female,87.39.200.172
145,Cheston,McIlwraith,cmcilwraith40@vistaprint.com,Male,115.145.206.212
146,Stearne,Thom,sthom41@xinhuanet.com,Male,131.93.108.20
147,Aigneis,Deal,adeal42@comsenz.com,Female,105.0.112.151
148,Briant,Hadigate,bhadigate43@google.co.uk,Male,251.130.108.49
149,Junie,Wotherspoon,jwotherspoon44@sogou.com,Female,88.154.29.191
150,Carey,Secrett,csecrett45@mapy.cz,Male,75.133.0.189
151,Marlane,Carn,mcarn46@hexun.com,Female,208.225.204.213
152,Marty,Vinter,mvinter47@reddit.com,Male,226.134.240.22
153,Anabel,Treanor,atreanor48@foxnews.com,Female,46.75.184.4
154,Zolly,Skittrell,zskittrell49@wired.com,Male,56.69.192.73
155,Clarice,Dolan,cdolan4a@constantcontact.com,Female,143.88.223.99
156,Bartholomew,Philipart,bphilipart4b@yellowpages.com,Male,35.135.97.24
157,Haydon,Kiehl,hkiehl4c@hud.gov,Male,21.132.242.94
158,Gwyn,Beardsley,gbeardsley4d@yale.edu,Female,73.149.64.91
159,Chevy,Coite,ccoite4e@msn.com,Male,78.153.16.71
160,Nico,Wye,nwye4f@springer.com,Genderqueer,241.176.32.242
161,Franny,Callinan,fcallinan4g@cbsnews.com,Genderfluid,0.119.211.112
162,Erny,Rebeiro,erebeiro4h@amazon.co.uk,Male,169.185.97.208
163,Giuseppe,Beric,gberic4i@dagondesign.com,Genderqueer,209.31.158.137
164,Bernice,Ruste,bruste4j@prweb.com,Female,23.71.125.79
165,Hector,Meltetal,hmeltetal4k@ehow.com,Male,62.161.254.118
166,Merna,Tocqueville,mtocqueville4l@ucoz.ru,Female,80.195.140.104
167,Sigismundo,Le Galle,slegalle4m@cbsnews.com,Bigender,5.214.251.230
168,Briney,Redan,bredan4n@hhs.gov,Genderqueer,40.148.15.47
169,Randie,McMichael,rmcmichael4o@eepurl.com,Agender,95.68.123.186
170,Blythe,Durbann,bdurbann4p@nydailynews.com,Female,213.54.14.121
171,Amerigo,Buckett,abuckett4q@dyndns.org,Male,233.185.227.56
172,Louis,Vanetti,lvanetti4r@home.pl,Male,139.245.159.145
173,Sandy,Houdhury,shoudhury4s@nytimes.com,Male,81.39.105.249
174,Damien,Nowak,dnowak4t@google.fr,Male,76.229.185.18
175,Magda,Penna,mpenna4u@goodreads.com,Genderfluid,207.48.13.118
176,Iolande,Reaney,ireaney4v@about.com,Female,13.53.25.252
177,Pedro,Dudek,pdudek4w@blogger.com,Male,202.23.178.187
178,Colan,Lawrenz,clawrenz4x@economist.com,Male,123.70.173.151
179,Doria,Lamasna,dlamasna4y@adobe.com,Female,211.106.193.113
180,Yanaton,McDugal,ymcdugal4z@cafepress.com,Male,34.54.48.190
181,Gregoire,Satcher,gsatcher50@yellowbook.com,Male,138.79.118.207
182,Ingar,O'Bradain,iobradain51@geocities.jp,Male,56.190.19.235
183,Iosep,Hawk,ihawk52@mashable.com,Male,35.71.230.76
184,Sada,Boddington,sboddington53@jimdo.com,Female,80.42.124.102
185,Juline,Maidens,jmaidens54@uiuc.edu,Female,37.244.186.63
186,Charmaine,Lovick,clovick55@goo.ne.jp,Agender,99.179.161.56
187,Tobe,Groundwator,tgroundwator56@examiner.com,Male,197.232.252.44
188,Rowney,Welbelove,rwelbelove57@friendfeed.com,Male,197.125.144.207
189,Trudey,Lorriman,tlorriman58@is.gd,Female,129.51.154.99
190,Brod,Leyshon,bleyshon59@home.pl,Bigender,66.61.15.235
191,Karita,Doornbos,kdoornbos5a@dmoz.org,Female,214.102.42.243
192,Kippy,Iverson,kiverson5b@live.com,Female,120.157.186.149
193,Orrin,Tzar,otzar5c@usatoday.com,Male,5.128.135.58
194,Alfreda,Bergeau,abergeau5d@chronoengine.com,Female,45.159.50.66
195,Danna,Fantini,dfantini5e@wikia.com,Female,18.85.69.61
196,Rodolphe,Sanchiz,rsanchiz5f@gmpg.org,Male,247.19.62.207
197,Gonzalo,Lindl,glindl5g@google.co.uk,Male,137.121.72.167
198,Daveen,Peteri,dpeteri5h@ifeng.com,Female,24.186.169.241
199,Horatia,Chatel,hchatel5i@a8.net,Female,189.2.179.195
200,Trip,Agent,tagent5j@cafepress.com,Male,204.93.161.80
201,Jarrad,Camin,jcamin5k@sohu.com,Male,235.17.181.186
202,Concordia,O'Carmody,cocarmody5l@rakuten.co.jp,Genderqueer,191.210.125.60
203,Ode,Tewkesberrie,otewkesberrie5m@netvibes.com,Male,137.213.213.75
204,Joanie,Castille,jcastille5n@rediff.com,Female,126.124.98.161
205,Theo,Tsarovic,ttsarovic5o@bravesites.com,Female,129.4.250.229
206,Drake,Tigwell,dtigwell5p@a8.net,Male,205.254.122.134
207,Finn,Domenge,fdomenge5q@addtoany.com,Male,213.9.245.236
208,Sasha,Skillern,sskillern5r@usnews.com,Male,148.109.170.155
209,Garreth,Stollsteimer,gstollsteimer5s@fotki.com,Male,217.222.77.10
210,Dev,Chatelain,dchatelain5t@auda.org.au,Male,223.154.40.188
211,Halsey,Saville,hsaville5u@wsj.com,Male,86.53.75.56
212,Dorothea,Smartman,dsmartman5v@edublogs.org,Female,118.68.163.28
213,Jeannette,Sherwen,jsherwen5w@canalblog.com,Female,35.128.114.226
214,Phyllis,Binny,pbinny5x@booking.com,Female,220.211.188.136
215,Venus,Muzzollo,vmuzzollo5y@tamu.edu,Female,203.254.159.218
216,Aymer,Blackaller,ablackaller5z@freewebs.com,Male,140.121.118.18
217,Amby,McKnish,amcknish60@businesswire.com,Male,184.73.167.57
218,Chandler,Wingfield,cwingfield61@twitter.com,Male,15.130.38.35
219,Paul,Zanicchi,pzanicchi62@bloglovin.com,Male,37.225.78.159
220,Worthy,Wise,wwise63@irs.gov,Male,238.137.19.183
221,Trixie,Pinckney,tpinckney64@webmd.com,Female,190.9.196.153
222,Wilden,Marcos,wmarcos65@psu.edu,Male,166.29.183.107
223,Giffie,McCoughan,gmccoughan66@gnu.org,Male,159.221.46.54
224,Teodora,McCorrie,tmccorrie67@biblegateway.com,Female,113.133.204.94
225,Aeriel,Laister,alaister68@buzzfeed.com,Female,96.249.211.240
226,Janka,Blewis,jblewis69@cbsnews.com,Female,219.152.164.235
227,Electra,Myles,emyles6a@google.com.hk,Female,207.56.86.186
228,Gwendolin,Foote,gfoote6b@51.la,Female,228.229.92.171
229,Quintin,Poundford,qpoundford6c@umn.edu,Male,128.174.68.18
230,Karissa,Thowless,kthowless6d@bravesites.com,Female,1.244.102.193
231,Angie,Gorick,agorick6e@360.cn,Male,26.193.198.173
232,Boothe,Vakhrushev,bvakhrushev6f@sbwire.com,Male,142.198.31.95
233,Ingemar,Rigg,irigg6g@aboutads.info,Male,207.24.225.174
234,Tallie,Melloi,tmelloi6h@delicious.com,Male,117.127.59.128
235,Rutledge,Chupin,rchupin6i@accuweather.com,Male,5.32.184.106
236,Malina,Walbrun,mwalbrun6j@bbb.org,Female,149.228.212.109
237,Samantha,Groves,sgroves6k@cmu.edu,Female,91.252.186.76
238,Shanon,Matzke,smatzke6l@github.com,Female,156.20.67.254
239,Lorain,Stears,lstears6m@apple.com,Genderfluid,78.169.56.3
240,Kasey,Spere,kspere6n@webs.com,Female,31.119.222.239
241,Tobe,Wisniewski,twisniewski6o@google.com.hk,Female,77.19.254.4
242,Josselyn,Wardley,jwardley6p@storify.com,Bigender,241.33.99.228
243,Virginia,Bearn,vbearn6q@cargocollective.com,Female,190.250.93.42
244,Clark,Schall,cschall6r@spotify.com,Male,10.95.215.173
245,Laverne,Baber,lbaber6s@bbc.co.uk,Female,143.7.15.163
246,Marne,Chatelot,mchatelot6t@chicagotribune.com,Female,85.185.84.16
247,Peirce,Avery,pavery6u@reddit.com,Male,82.88.111.128
248,Chane,Steane,csteane6v@guardian.co.uk,Non-binary,59.79.117.62
249,Shem,Ferrieroi,sferrieroi6w@mtv.com,Male,207.35.27.89
250,Warner,Grimwood,wgrimwood6x@youtu.be,Male,28.109.139.148
251,Gabrielle,Barron,gbarron6y@time.com,Female,158.49.142.113
252,Perry,Cunde,pcunde6z@e-recht24.de,Female,225.112.219.237
253,Ruby,Greatorex,rgreatorex70@reddit.com,Male,172.10.17.198
254,Christoph,Ratie,cratie71@dion.ne.jp,Male,55.155.233.147
255,Violette,Du Hamel,vduhamel72@soup.io,Female,224.137.202.108
256,Violette,MacMeeking,vmacmeeking73@ca.gov,Bigender,168.88.190.135
257,Nowell,Quilkin,nquilkin74@chron.com,Male,115.198.65.42
258,Renaud,Coker,rcoker75@seattletimes.com,Genderqueer,135.251.200.94
259,Caty,Chilley,cchilley76@abc.net.au,Female,12.64.70.151
260,Marwin,Haysar,mhaysar77@acquirethisname.com,Male,31.248.184.51
261,Eddy,Niblock,eniblock78@yale.edu,Male,221.130.147.44
262,Sheelagh,Maurice,smaurice79@sitemeter.com,Female,96.237.112.132
263,Marcela,Nann,mnann7a@i2i.jp,Female,141.62.45.251
264,Granthem,Thorald,gthorald7b@sitemeter.com,Male,175.138.28.103
265,Artemis,Jakobssen,ajakobssen7c@blogs.com,Male,241.93.208.173
266,Andy,Franciskiewicz,afranciskiewicz7d@com.com,Male,178.36.38.26
267,Arther,Riddlesden,ariddlesden7e@ftc.gov,Male,50.37.162.55
268,Annissa,Ifill,aifill7f@dagondesign.com,Female,228.231.43.16
269,Napoleon,Swatheridge,nswatheridge7g@barnesandnoble.com,Male,66.81.45.243
270,Irwin,Petruszka,ipetruszka7h@sbwire.com,Male,84.135.44.103
271,Park,Tringham,ptringham7i@issuu.com,Male,78.26.6.153
272,Ban,Shapiro,bshapiro7j@ox.ac.uk,Male,173.49.131.224
273,Chris,Simnor,csimnor7k@blog.com,Non-binary,133.91.185.151
274,Briggs,Dunmore,bdunmore7l@desdev.cn,Male,120.173.206.248
275,Farand,Virgo,fvirgo7m@economist.com,Female,97.122.46.12
276,Teddy,Dello,tdello7n@squarespace.com,Polygender,100.90.63.110
277,Bartlett,Fenix,bfenix7o@ucsd.edu,Male,2.202.74.150
278,Wayland,Beiderbeck,wbeiderbeck7p@blogger.com,Male,49.178.85.59
279,Floris,Denerley,fdenerley7q@foxnews.com,Female,98.190.27.93
280,Dalt,Thominga,dthominga7r@answers.com,Male,198.135.74.255
281,Arly,Edgerley,aedgerley7s@blinklist.com,Female,254.131.167.20
282,Jennifer,Henriet,jhenriet7t@reddit.com,Female,54.123.219.37
283,Farley,Tettersell,ftettersell7u@addthis.com,Non-binary,153.134.207.247
284,Marlie,Peete,mpeete7v@toplist.cz,Female,206.195.250.223
285,Carolina,Ellicott,cellicott7w@pcworld.com,Agender,202.25.42.37
286,Smitty,Menichillo,smenichillo7x@adobe.com,Male,97.134.20.145
287,Adriana,Leed,aleed7y@seesaa.net,Female,94.224.131.82
288,Arie,McKeller,amckeller7z@wisc.edu,Male,179.90.244.77
289,Arlee,Elt,aelt80@timesonline.co.uk,Female,241.25.9.34
290,Dicky,Maccari,dmaccari81@google.nl,Male,13.189.83.225
291,Gracia,Renshell,grenshell82@senate.gov,Female,197.17.255.54
292,Tadd,O'Docherty,todocherty83@prnewswire.com,Male,10.111.31.245
293,Elka,Hassewell,ehassewell84@wikimedia.org,Female,85.84.185.148
294,Cece,Rippon,crippon85@godaddy.com,Male,54.94.23.161
295,Maia,Goning,mgoning86@mac.com,Female,160.127.190.109
296,Panchito,Schiesterl,pschiesterl87@gizmodo.com,Genderfluid,212.22.140.228
297,Portia,Pikett,ppikett88@cisco.com,Female,162.231.179.16
298,Kellby,Copozio,kcopozio89@tripod.com,Male,19.244.87.129
299,Michell,Battaille,mbattaille8a@umich.edu,Female,116.233.10.82
300,Aldon,Emberson,aemberson8b@360.cn,Male,110.156.139.19
301,James,Ivkovic,jivkovic8c@cornell.edu,Male,112.234.104.128
302,Esra,Tight,etight8d@aol.com,Male,77.42.208.35
303,Ronnie,Feron,rferon8e@indiegogo.com,Bigender,31.140.213.155
304,Arie,MacConnulty,amacconnulty8f@mysql.com,Bigender,148.206.203.98
305,Jade,Tallach,jtallach8g@blogspot.com,Female,216.7.57.247
306,Corette,Pyper,cpyper8h@microsoft.com,Female,150.118.99.222
307,Tedda,Drillingcourt,tdrillingcourt8i@apache.org,Genderqueer,12.117.190.230
308,Chantalle,Grolmann,cgrolmann8j@nps.gov,Female,14.3.99.200
309,Ive,Janouch,ijanouch8k@instagram.com,Male,55.51.121.61
310,Brenn,Rentenbeck,brentenbeck8l@scribd.com,Female,99.244.241.57
311,Durward,Cristofor,dcristofor8m@ed.gov,Male,255.187.236.197
312,Delia,MacMenamy,dmacmenamy8n@cam.ac.uk,Female,217.224.167.124
313,Kirk,Kynaston,kkynaston8o@techcrunch.com,Male,70.77.29.72
314,Flynn,Tourot,ftourot8p@tumblr.com,Agender,253.66.239.155
315,Georgianne,Safhill,gsafhill8q@elegantthemes.com,Bigender,94.246.47.8
316,Augusto,Stanaway,astanaway8r@instagram.com,Male,110.128.74.195
317,Bernardo,Adran,badran8s@stanford.edu,Male,252.125.69.103
318,Lynnet,Lydster,llydster8t@ebay.com,Female,217.164.229.218
319,Aldous,Schwandermann,aschwandermann8u@opera.com,Male,27.251.190.40
320,Zane,Muckloe,zmuckloe8v@tamu.edu,Male,50.215.182.28
321,Brad,Dosdale,bdosdale8w@google.co.uk,Male,108.20.136.220
322,Arabela,Stoppard,astoppard8x@youtube.com,Female,142.79.113.217
323,Toma,Espadas,tespadas8y@booking.com,Female,131.100.110.15
324,Vitoria,Doddemeede,vdoddemeede8z@jigsy.com,Female,171.148.159.93
325,Alvan,Radin,aradin90@acquirethisname.com,Male,27.78.142.98
326,Marley,Bampkin,mbampkin91@paypal.com,Female,228.111.240.203
327,Malynda,Catherine,mcatherine92@infoseek.co.jp,Female,191.3.16.150
328,Charyl,Maltman,cmaltman93@sitemeter.com,Female,86.82.187.68
329,Kata,Pittel,kpittel94@surveymonkey.com,Female,45.7.75.31
330,Rahel,Joris,rjoris95@about.me,Female,242.102.174.156
331,Conroy,Tuffield,ctuffield96@bloglines.com,Male,192.34.18.242
332,Britt,Gingold,bgingold97@tamu.edu,Male,110.115.146.168
333,Emerson,O'Brogan,eobrogan98@huffingtonpost.com,Male,240.136.158.163
334,Korey,Rowlson,krowlson99@plala.or.jp,Male,114.15.33.237
335,Janka,Rainbow,jrainbow9a@toplist.cz,Female,37.121.60.155
336,Winfred,Pywell,wpywell9b@skype.com,Male,153.62.148.70
337,Alphonse,Vockins,avockins9c@wikispaces.com,Male,243.19.117.107
338,Suzie,Wilmington,swilmington9d@nbcnews.com,Female,55.209.151.147
339,Grace,Challace,gchallace9e@cmu.edu,Female,201.146.14.168
340,Ximenes,MacAllen,xmacallen9f@eepurl.com,Male,115.76.42.89
341,Franky,Gouley,fgouley9g@t-online.de,Male,114.124.108.124
342,Donella,Giannoni,dgiannoni9h@umich.edu,Female,37.51.87.11
343,Lauren,Willock,lwillock9i@ezinearticles.com,Male,163.103.35.45
344,Jakob,Sparks,jsparks9j@ebay.com,Male,248.170.110.56
345,Karoly,McGilben,kmcgilben9k@prnewswire.com,Male,177.54.124.33
346,Meier,Gobbet,mgobbet9l@netscape.com,Bigender,91.12.159.185
347,Dominik,Jaouen,djaouen9m@sphinn.com,Male,177.217.42.38
348,Allsun,Itzhak,aitzhak9n@friendfeed.com,Female,149.241.2.255
349,Concordia,Arpe,carpe9o@xinhuanet.com,Female,51.63.206.152
350,Ephrem,Laverick,elaverick9p@addtoany.com,Male,30.192.80.11
351,Gustaf,Fansy,gfansy9q@apple.com,Male,106.30.84.239
352,Bealle,Easthope,beasthope9r@un.org,Male,17.162.49.6
353,Mose,Dunford,mdunford9s@comcast.net,Male,136.165.1.237
354,Tine,Whoolehan,twhoolehan9t@taobao.com,Female,235.89.54.194
355,Tamara,Bouch,tbouch9u@nydailynews.com,Female,11.238.239.162
356,Jo,Marshman,jmarshman9v@squarespace.com,Male,90.181.228.130
357,Tallulah,Laverick,tlaverick9w@comsenz.com,Bigender,201.91.133.160
358,Stacee,Cadogan,scadogan9x@kickstarter.com,Female,105.41.245.167
359,Jermaine,Assiter,jassiter9y@ftc.gov,Female,18.183.122.219
360,Latia,Reames,lreames9z@webnode.com,Female,158.29.37.157
361,Ketti,Ciepluch,kcieplucha0@imdb.com,Female,176.206.122.159
362,Madalena,Ferneyhough,mferneyhougha1@apache.org,Female,246.240.111.212
363,Durward,Giraudel,dgiraudela2@51.la,Male,162.193.229.221
364,Horton,Litchfield,hlitchfielda3@facebook.com,Male,9.105.103.0
365,Sacha,Duffill,sduffilla4@blog.com,Female,208.44.212.201
366,Morley,Hellmer,mhellmera5@irs.gov,Non-binary,71.108.206.117
367,Caesar,Sherel,csherela6@ed.gov,Male,113.14.252.148
368,Mickie,McIlhone,mmcilhonea7@nature.com,Non-binary,179.118.69.13
369,Cordell,Pietesch,cpietescha8@1und1.de,Male,188.176.109.78
370,Nichol,Schnitter,nschnittera9@pinterest.com,Female,111.160.202.229
371,Charlotta,Vasey,cvaseyaa@eepurl.com,Polygender,93.129.255.168
372,Gilemette,Dearness,gdearnessab@cornell.edu,Genderfluid,37.3.144.167
373,Cammy,Bryson,cbrysonac@ifeng.com,Female,44.150.63.196
374,Salvador,Tolomio,stolomioad@wunderground.com,Male,116.96.230.74
375,Ephrayim,Wratten,ewrattenae@symantec.com,Male,1.51.180.95
376,Onida,Mityashev,omityashevaf@comcast.net,Female,105.140.152.149
377,Ambros,Sarjeant,asarjeantag@printfriendly.com,Male,196.75.217.211
378,Theobald,Given,tgivenah@prlog.org,Male,137.77.189.163
379,Dagmar,Mulligan,dmulliganai@newyorker.com,Female,0.113.217.28
380,Vladamir,Salan,vsalanaj@telegraph.co.uk,Male,214.14.20.137
381,Bryant,Rusling,bruslingak@sina.com.cn,Male,186.191.64.29
382,Orlan,Tillett,otillettal@cbsnews.com,Male,8.120.64.30
383,Alicia,Bonevant,abonevantam@gov.uk,Female,207.96.0.98
384,Chrystal,Georgi,cgeorgian@1688.com,Female,4.21.126.66
385,Haze,Dallow,hdallowao@sciencedirect.com,Male,63.70.11.126
386,Bat,Attyeo,battyeoap@imageshack.us,Male,72.132.236.153
387,Camel,Tyne,ctyneaq@trellian.com,Female,151.155.166.86
388,Klaus,Larver,klarverar@qq.com,Male,79.165.75.79
389,Dun,Tallis,dtallisas@uiuc.edu,Male,34.19.36.129
390,Arabelle,Murfin,amurfinat@reverbnation.com,Female,231.98.154.209
391,Sheryl,Drewes,sdrewesau@netvibes.com,Female,2.39.158.171
392,Verne,Marrison,vmarrisonav@who.int,Male,119.146.80.22
393,Terrel,Malkinson,tmalkinsonaw@github.io,Male,156.35.12.80
394,Darin,Colgan,dcolganax@yahoo.com,Genderfluid,177.165.115.214
395,Prisca,Drynan,pdrynanay@addtoany.com,Female,96.122.158.64
396,Delinda,Lichfield,dlichfieldaz@dyndns.org,Female,100.19.10.12
397,Kerby,Dibner,kdibnerb0@t.co,Male,23.11.91.177
398,Rozanne,Stoile,rstoileb1@webeden.co.uk,Female,145.250.185.125
399,Caressa,Spondley,cspondleyb2@wiley.com,Genderqueer,202.146.115.61
400,Meggy,Klossek,mklossekb3@huffingtonpost.com,Female,106.104.162.76
401,Maddy,Dighton,mdightonb4@creativecommons.org,Male,192.92.90.79
402,Silvana,Bunch,sbunchb5@ed.gov,Female,6.11.193.215
403,Essy,Rudolfer,erudolferb6@fc2.com,Female,165.176.6.210
404,Danny,Kays,dkaysb7@jigsy.com,Male,188.230.254.10
405,Elissa,Pavett,epavettb8@cpanel.net,Genderqueer,189.0.80.58
406,Nappie,MacAree,nmacareeb9@berkeley.edu,Male,17.37.45.249
407,Loise,Nickell,lnickellba@princeton.edu,Female,146.223.56.124
408,Ruy,Rosthorn,rrosthornbb@ucoz.ru,Male,126.45.45.139
409,Frederic,Tracey,ftraceybc@nytimes.com,Male,49.94.77.145
410,Dreddy,Phibb,dphibbbd@arstechnica.com,Agender,232.195.0.179
411,Lelah,Reader,lreaderbe@reddit.com,Female,2.221.120.58
412,Misti,Gallen,mgallenbf@wufoo.com,Female,153.210.117.177
413,Rebekah,Amber,ramberbg@pcworld.com,Female,230.47.166.118
414,Rourke,Ravenshaw,rravenshawbh@so-net.ne.jp,Male,69.140.41.133
415,Cathrin,Hewell,chewellbi@chicagotribune.com,Female,44.220.185.101
416,Marylynne,Astlett,mastlettbj@mashable.com,Female,94.129.141.135
417,Justinn,Isabell,jisabellbk@nih.gov,Polygender,140.216.179.163
418,Roxanna,Zecchi,rzecchibl@google.ca,Female,166.52.161.10
419,Nicolais,Pigny,npignybm@rakuten.co.jp,Male,252.195.98.190
420,Ximenes,Hallad,xhalladbn@icq.com,Male,53.135.59.207
421,Fidelio,Entissle,fentisslebo@mit.edu,Male,232.4.219.92
422,Letizia,Sedgeman,lsedgemanbp@pinterest.com,Female,245.197.135.91
423,Koren,Goss,kgossbq@home.pl,Female,195.225.179.1
424,Ware,Longhorn,wlonghornbr@plala.or.jp,Male,123.228.42.12
425,Dalt,Bleesing,dbleesingbs@flavors.me,Male,12.80.58.10
426,Shir,MacEvilly,smacevillybt@marriott.com,Female,1.201.127.143
427,Codie,Heed,cheedbu@ameblo.jp,Male,9.172.199.189
428,Kris,Timmes,ktimmesbv@businessinsider.com,Male,9.55.61.80
429,Pansy,Lowey,ploweybw@amazon.com,Female,143.62.43.154
430,Neil,Bryde,nbrydebx@dmoz.org,Genderfluid,240.83.248.7
431,Arte,Wilkin,awilkinby@mozilla.org,Male,195.195.113.10
432,Joshuah,Storres,jstorresbz@bluehost.com,Male,48.69.26.45
433,Chrysler,Burrage,cburragec0@t.co,Female,47.52.207.55
434,Dawn,Meir,dmeirc1@marriott.com,Female,221.232.41.197
435,Dugald,Olivelli,dolivellic2@php.net,Male,135.38.16.220
436,Emalia,Enoch,eenochc3@fc2.com,Female,77.189.131.34
437,Seamus,Malt,smaltc4@earthlink.net,Male,80.129.0.228
438,Jillane,Burnett,jburnettc5@theguardian.com,Female,246.87.151.84
439,Darya,Gianiello,dgianielloc6@4shared.com,Female,162.38.218.84
440,Silvanus,Rissom,srissomc7@hud.gov,Male,159.248.58.33
441,Leeland,Gook,lgookc8@instagram.com,Male,245.122.60.23
442,Missy,Simms,msimmsc9@wired.com,Female,17.45.138.0
443,Abbott,Doerren,adoerrenca@narod.ru,Male,57.177.57.106
444,Katerine,Melbourn,kmelbourncb@netvibes.com,Female,0.111.67.116
445,L;urette,Rowaszkiewicz,lrowaszkiewiczcc@live.com,Female,95.244.89.131
446,Etan,Fawke,efawkecd@cbslocal.com,Male,216.68.142.10
447,Gaye,MacGregor,gmacgregorce@comsenz.com,Female,198.108.229.52
448,Vivyan,Ruperti,vruperticf@twitpic.com,Female,62.48.184.194
449,Stirling,MacGauhy,smacgauhycg@tmall.com,Male,222.13.158.240
450,Hanson,De Bernardis,hdebernardisch@dedecms.com,Male,114.220.47.137
451,Freddy,Renihan,frenihanci@list-manage.com,Male,70.207.160.89
452,Porty,Gaule,pgaulecj@forbes.com,Male,252.101.235.167
453,Tomas,Tuma,ttumack@ehow.com,Male,150.97.199.108
454,Adel,Maddicks,amaddickscl@purevolume.com,Female,74.215.133.202
455,Helen-elizabeth,Bursnall,hbursnallcm@si.edu,Female,195.65.204.19
456,Elonore,Arnecke,earneckecn@oakley.com,Female,226.148.29.197
457,Mareah,Lavington,mlavingtonco@abc.net.au,Female,94.135.176.239
458,Clareta,Pinor,cpinorcp@forbes.com,Female,37.160.217.60
459,Abbie,Fretwell,afretwellcq@sohu.com,Male,194.122.234.198
460,Janeen,Phaup,jphaupcr@oakley.com,Female,229.235.46.36
461,Elvin,O'Tuohy,eotuohycs@state.tx.us,Male,21.28.222.81
462,Gallagher,Pile,gpilect@parallels.com,Male,10.119.143.217
463,Dickie,Marshal,dmarshalcu@si.edu,Male,197.242.195.96
464,Kinnie,Cohane,kcohanecv@bluehost.com,Male,86.98.219.239
465,Dotti,Stivers,dstiverscw@shareasale.com,Female,156.91.76.119
466,Dennie,Aulton,daultoncx@mozilla.org,Female,255.225.249.196
467,Diana,Somerled,dsomerledcy@webs.com,Female,13.237.1.29
468,Kori,Camies,kcamiescz@reddit.com,Female,117.146.197.214
469,Meade,Turvey,mturveyd0@smh.com.au,Male,76.212.194.131
470,Arri,Rudeforth,arudeforthd1@goo.gl,Male,205.173.178.249
471,Garrett,Muller,gmullerd2@npr.org,Male,149.123.13.204
472,Edita,Phelan,epheland3@nbcnews.com,Female,71.3.203.241
473,Mimi,Adair,madaird4@unblog.fr,Female,170.191.18.242
474,Templeton,Spraberry,tspraberryd5@cpanel.net,Non-binary,183.106.196.24
475,Alric,Joice,ajoiced6@twitter.com,Genderqueer,74.99.105.254
476,Rochella,Pendleberry,rpendleberryd7@infoseek.co.jp,Female,221.109.250.6
477,Patti,Walsh,pwalshd8@joomla.org,Female,229.64.17.113
478,Amelita,Jarrel,ajarreld9@youku.com,Female,92.76.82.59
479,Ara,Zoppo,azoppoda@ebay.com,Female,148.148.103.95
480,Ariela,Balog,abalogdb@hhs.gov,Female,215.4.116.110
481,Ellwood,Basler,ebaslerdc@sogou.com,Male,104.177.180.74
482,Randy,Kilgannon,rkilgannondd@sun.com,Male,146.50.43.38
483,Dene,McDonagh,dmcdonaghde@tumblr.com,Male,76.33.199.200
484,Morgan,Banister,mbanisterdf@berkeley.edu,Male,177.144.28.79
485,Zebedee,Cudmore,zcudmoredg@w3.org,Bigender,34.195.222.180
486,Harper,Charlin,hcharlindh@a8.net,Male,70.152.251.78
487,Elbertina,Bortoloni,ebortolonidi@pen.io,Polygender,57.163.0.215
488,Ethelin,Dosdale,edosdaledj@github.com,Female,20.254.243.2
489,Helge,Carrington,hcarringtondk@aboutads.info,Female,90.13.211.75
490,Cassey,Clewarth,cclewarthdl@merriam-webster.com,Agender,187.205.90.49
491,Paulie,Cairney,pcairneydm@wix.com,Male,147.77.133.189
492,Waldo,Tench,wtenchdn@dot.gov,Male,20.98.7.251
493,Faustina,Wick,fwickdo@cloudflare.com,Female,76.143.217.76
494,Philippine,McGiveen,pmcgiveendp@squarespace.com,Female,15.211.0.102
495,Buckie,Willeman,bwillemandq@loc.gov,Male,78.77.200.81
496,Arty,Chasles,achaslesdr@baidu.com,Male,137.230.152.149
497,Sydel,Mattiazzo,smattiazzods@exblog.jp,Female,226.144.179.24
498,Margie,Stroyan,mstroyandt@t-online.de,Female,123.203.163.152
499,Trey,Van der Spohr,tvanderspohrdu@narod.ru,Male,242.238.94.121
500,Giuseppe,Wickett,gwickettdv@usgs.gov,Male,55.46.157.98
501,Guenna,Korneev,gkorneevdw@goo.ne.jp,Female,135.90.251.140
502,Joan,Medlin,jmedlindx@cam.ac.uk,Female,215.7.113.235
503,Smith,Tombleson,stomblesondy@usnews.com,Male,185.217.141.40
504,Noe,Holcroft,nholcroftdz@gravatar.com,Male,148.40.121.137
505,Claudette,Espin,cespine0@tmall.com,Female,157.191.101.177
506,Timotheus,MacRury,tmacrurye1@jigsy.com,Male,150.132.88.200
507,Sebastien,Prys,spryse2@cocolog-nifty.com,Male,121.159.175.29
508,Maryjane,Hobbema,mhobbemae3@samsung.com,Female,154.243.235.0
509,Gun,Adlam,gadlame4@hugedomains.com,Male,137.71.9.28
510,Izak,Brawn,ibrawne5@wikipedia.org,Male,72.51.127.74
511,Kylynn,Durbin,kdurbine6@deviantart.com,Female,98.249.51.145
512,Dur,Boxill,dboxille7@samsung.com,Male,245.64.129.146
513,Avie,Rudgerd,arudgerde8@hud.gov,Female,136.91.163.131
514,Tamra,Lempertz,tlempertze9@samsung.com,Female,107.66.171.99
515,Normie,Dalliwater,ndalliwaterea@seattletimes.com,Male,239.35.166.124
516,Brit,Cameron,bcameroneb@arizona.edu,Female,103.116.51.19
517,Winna,Ivashintsov,wivashintsovec@nydailynews.com,Female,119.51.162.91
518,Ozzie,Barthelmes,obarthelmesed@twitter.com,Male,181.178.33.174
519,Gina,Jablonski,gjablonskiee@ibm.com,Female,193.6.134.102
520,Melisenda,McLarty,mmclartyef@abc.net.au,Female,73.171.132.237
521,Flori,Melrose,fmelroseeg@livejournal.com,Female,91.212.180.212
522,Boy,Winspear,bwinspeareh@themeforest.net,Male,77.219.138.227
523,Alissa,Eskriet,aeskrietei@paypal.com,Female,68.87.234.46
524,Benedicto,Hauger,bhaugerej@nydailynews.com,Male,52.178.203.54
525,Lonnie,Windaybank,lwindaybankek@cisco.com,Non-binary,55.50.207.78
526,Chancey,Lind,clindel@hhs.gov,Male,170.210.181.111
527,Hamilton,Maryman,hmarymanem@google.pl,Male,10.104.116.47
528,Evita,Heyfield,eheyfielden@pbs.org,Female,213.161.16.228
529,Stan,Eymer,seymereo@jigsy.com,Male,82.145.78.9
530,June,Briddock,jbriddockep@bbc.co.uk,Female,19.165.121.84
531,Lynnett,Terrell,lterrelleq@slideshare.net,Female,232.190.20.230
532,Addy,Cadagan,acadaganer@hugedomains.com,Female,78.43.102.185
533,Reba,Chessill,rchessilles@wordpress.org,Female,130.133.242.79
534,Charlotte,Hutten,chuttenet@wsj.com,Female,58.88.90.50
535,Stearne,Gerant,sgeranteu@ebay.co.uk,Male,122.225.113.59
536,Sanderson,Prantoni,sprantoniev@ycombinator.com,Male,117.169.172.168
537,Dollie,Buret,dburetew@last.fm,Female,132.168.226.83
538,Evania,Smurfit,esmurfitex@hhs.gov,Female,221.41.34.114
539,Linn,O'Cassidy,locassidyey@boston.com,Male,229.98.182.213
540,Minnnie,Willows,mwillowsez@vimeo.com,Female,100.13.209.28
541,Vern,Harcombe,vharcombef0@latimes.com,Male,103.233.76.1
542,Mort,Ducham,mduchamf1@independent.co.uk,Male,102.64.77.221
543,Astra,McNally,amcnallyf2@ox.ac.uk,Genderqueer,20.136.46.19
544,Johannes,McFadzean,jmcfadzeanf3@wufoo.com,Male,200.230.65.7
545,Arielle,de Marco,ademarcof4@icio.us,Genderqueer,122.214.144.161
546,Dalli,Slarke,dslarkef5@tiny.cc,Male,132.63.116.255
547,Rivy,Tunna,rtunnaf6@woothemes.com,Female,96.44.8.59
548,Major,Voak,mvoakf7@topsy.com,Male,132.206.97.7
549,Jaye,Lindeboom,jlindeboomf8@opensource.org,Male,203.237.149.56
550,Tadio,Boom,tboomf9@cloudflare.com,Genderfluid,24.230.62.129
551,Homerus,Newsham,hnewshamfa@howstuffworks.com,Male,39.244.67.49
552,Paulette,Cadney,pcadneyfb@hostgator.com,Female,58.90.157.110
553,Juliane,Storton,jstortonfc@cloudflare.com,Female,123.135.174.233
554,Cathrine,Demeza,cdemezafd@thetimes.co.uk,Genderfluid,222.184.86.125
555,Raymond,Mityakov,rmityakovfe@imdb.com,Male,142.123.95.4
556,Cristen,Janton,cjantonff@scientificamerican.com,Female,46.58.174.131
557,Lennard,Butting,lbuttingfg@dyndns.org,Genderfluid,62.159.27.127
558,Rhianon,Struttman,rstruttmanfh@tripod.com,Female,149.85.217.106
559,Hulda,Bullin,hbullinfi@netvibes.com,Female,90.213.142.45
560,Creigh,Thumim,cthumimfj@canalblog.com,Male,106.99.165.111
561,Chlo,Cope,ccopefk@unesco.org,Female,18.209.5.136
562,Minette,Wass,mwassfl@intel.com,Female,9.61.223.124
563,Nance,Ringrose,nringrosefm@blogger.com,Female,101.155.252.171
564,Vernen,Bearsmore,vbearsmorefn@gmpg.org,Non-binary,161.82.152.45
565,Gregoire,Domengue,gdomenguefo@disqus.com,Male,121.51.40.245
566,Myrta,Shillitoe,mshillitoefp@mtv.com,Female,194.4.254.182
567,Montgomery,Leal,mlealfq@seesaa.net,Male,97.46.64.178
568,Leshia,Jeske,ljeskefr@abc.net.au,Female,246.165.185.159
569,Zora,Kenford,zkenfordfs@independent.co.uk,Female,221.155.151.52
570,Augustina,Colegate,acolegateft@shinystat.com,Female,147.195.244.171
571,Sherwin,Haffenden,shaffendenfu@webs.com,Male,135.191.77.41
572,Pincas,Troy,ptroyfv@oracle.com,Male,101.30.204.17
573,Angelica,Sawden,asawdenfw@samsung.com,Female,177.36.145.171
574,Kate,Briscoe,kbriscoefx@elegantthemes.com,Female,90.123.132.96
575,Deck,Scandwright,dscandwrightfy@independent.co.uk,Male,174.2.63.38
576,Deana,Tribbeck,dtribbeckfz@ask.com,Female,135.208.220.177
577,Riley,Tarburn,rtarburng0@indiatimes.com,Male,0.144.66.200
578,Dusty,Weekland,dweeklandg1@wikimedia.org,Female,240.46.168.76
579,Rosette,Bordes,rbordesg2@lycos.com,Female,43.44.90.116
580,Andriette,Eagles,aeaglesg3@exblog.jp,Female,228.224.244.133
581,Giustino,Culpan,gculpang4@cnet.com,Male,3.226.222.103
582,Gerick,Whitwell,gwhitwellg5@purevolume.com,Male,75.209.109.24
583,Shadow,Balding,sbaldingg6@census.gov,Male,224.56.181.192
584,Leif,Postians,lpostiansg7@alibaba.com,Agender,81.198.254.184
585,Micheline,Slixby,mslixbyg8@parallels.com,Female,3.172.213.14
586,Averill,Skyrm,askyrmg9@indiegogo.com,Male,247.22.122.15
587,Madelina,Sach,msachga@over-blog.com,Female,182.104.66.146
588,Niels,Strutt,nstruttgb@sciencedaily.com,Male,161.27.141.16
589,Freedman,Gallop,fgallopgc@usnews.com,Male,116.206.113.4
590,Robbyn,Bastone,rbastonegd@google.com.au,Genderqueer,4.155.231.244
591,Anni,Burgen,aburgenge@nationalgeographic.com,Female,234.120.129.105
592,Penny,Meeks,pmeeksgf@goodreads.com,Male,142.230.132.233
593,Alameda,Andryushin,aandryushingg@hostgator.com,Genderfluid,146.176.247.195
594,Rosy,Stronack,rstronackgh@slideshare.net,Female,244.46.147.148
595,Muhammad,Antonsson,mantonssongi@upenn.edu,Male,38.109.107.75
596,Allayne,Deppe,adeppegj@yale.edu,Male,151.162.143.39
597,Bram,Batrop,bbatropgk@unblog.fr,Male,206.136.27.215
598,Sigismund,Duke,sdukegl@ebay.co.uk,Male,226.108.61.119
599,Tish,Ormston,tormstongm@globo.com,Female,189.58.115.187
600,Hermine,Swayton,hswaytongn@admin.ch,Female,221.91.212.174
601,Kate,Vossgen,kvossgengo@foxnews.com,Female,6.9.203.19
602,Pearce,Gonthard,pgonthardgp@moonfruit.com,Male,21.33.148.106
603,Corrine,Oakey,coakeygq@zdnet.com,Female,129.225.163.191
604,Adrian,Diggar,adiggargr@digg.com,Female,164.220.245.168
605,Amie,Quarless,aquarlessgs@pagesperso-orange.fr,Female,187.109.12.225
606,Chrotoem,McQuillan,cmcquillangt@fastcompany.com,Non-binary,1.108.65.113
607,Jasmine,Jirak,jjirakgu@hp.com,Female,188.40.247.238
608,Avrom,Biasotti,abiasottigv@ucsd.edu,Male,224.64.240.36
609,Ban,Haylor,bhaylorgw@homestead.com,Bigender,225.100.41.251
610,Berny,MacCoughan,bmaccoughangx@foxnews.com,Female,228.229.94.187
611,Shamus,Vanner,svannergy@canalblog.com,Male,50.78.87.77
612,Johann,Moakes,jmoakesgz@4shared.com,Male,51.168.201.197
613,Malorie,Luisetti,mluisettih0@meetup.com,Female,186.97.98.240
614,Pernell,Simner,psimnerh1@goo.ne.jp,Male,237.19.183.73
615,Deny,Gregorace,dgregoraceh2@mail.ru,Female,193.214.77.89
616,Mame,Bedboro,mbedboroh3@abc.net.au,Female,154.153.30.246
617,Sella,Valentelli,svalentellih4@slate.com,Female,255.196.245.144
618,Peg,Sapwell,psapwellh5@icq.com,Female,45.72.152.66
619,Jan,Russen,jrussenh6@flickr.com,Male,119.25.51.219
620,Johnette,Ronisch,jronischh7@ehow.com,Female,73.202.9.106
621,Durante,Kittow,dkittowh8@squidoo.com,Male,34.190.208.179
622,Nero,Leonardi,nleonardih9@geocities.com,Male,24.162.97.250
623,Dedie,Robberts,drobbertsha@artisteer.com,Polygender,106.62.21.149
624,Tailor,Trail,ttrailhb@cmu.edu,Male,45.197.254.178
625,Odey,McCaskill,omccaskillhc@livejournal.com,Male,147.238.153.192
626,Claudelle,Brimham,cbrimhamhd@reddit.com,Female,120.199.112.110
627,Boigie,Dickons,bdickonshe@un.org,Male,188.144.253.254
628,Kliment,Jurczak,kjurczakhf@paypal.com,Male,7.71.58.181
629,Davis,Imms,dimmshg@godaddy.com,Non-binary,67.160.195.239
630,Celine,Gaynes,cgayneshh@vinaora.com,Female,67.227.130.158
631,Jolie,Blundin,jblundinhi@bloomberg.com,Agender,104.196.202.68
632,Brittne,Stedmond,bstedmondhj@stumbleupon.com,Genderqueer,13.214.45.150
633,Holden,Biagini,hbiaginihk@nps.gov,Male,77.102.138.35
634,Jervis,Piggrem,jpiggremhl@de.vu,Male,109.119.28.167
635,Iorgos,Cotterrill,icotterrillhm@marriott.com,Male,118.35.222.21
636,Raquel,Urvoy,rurvoyhn@drupal.org,Bigender,54.150.66.191
637,Quintina,Dalligan,qdalliganho@amazon.co.jp,Female,233.24.3.82
638,Morley,Ludovici,mludovicihp@tamu.edu,Genderfluid,133.22.242.223
639,Elli,Godsmark,egodsmarkhq@altervista.org,Female,169.77.118.79
640,Lyn,Tichelaar,ltichelaarhr@google.co.uk,Male,92.244.23.22
641,Winonah,Gornal,wgornalhs@imdb.com,Female,180.35.218.85
642,Orsa,Ivashchenko,oivashchenkoht@microsoft.com,Female,15.110.220.205
643,Wilhelmine,Bunkle,wbunklehu@istockphoto.com,Female,210.132.189.6
644,Koren,Tarburn,ktarburnhv@clickbank.net,Female,212.184.172.86
645,Mufinella,Pincked,mpinckedhw@addthis.com,Female,243.129.53.24
646,Kylen,Feake,kfeakehx@boston.com,Agender,254.94.33.84
647,Kean,Cutress,kcutresshy@com.com,Male,235.245.205.244
648,Roxine,Brownsall,rbrownsallhz@home.pl,Female,229.170.96.214
649,Homere,Roistone,hroistonei0@oaic.gov.au,Male,236.142.25.72
650,Erastus,Ocheltree,eocheltreei1@elpais.com,Male,125.34.122.100
651,Lyn,Beddin,lbeddini2@wordpress.com,Male,225.4.41.167
652,Brynna,Kibbel,bkibbeli3@parallels.com,Female,178.139.143.217
653,Madella,Feechum,mfeechumi4@reverbnation.com,Female,143.181.137.49
654,Darci,Gill,dgilli5@google.com,Female,149.153.76.119
655,Julietta,Stratton,jstrattoni6@ftc.gov,Female,68.192.213.217
656,Thaxter,Udy,tudyi7@booking.com,Male,48.51.234.32
657,Hollyanne,Haslegrave,hhaslegravei8@google.ca,Female,149.41.210.111
658,Layney,Clemence,lclemencei9@a8.net,Female,222.75.74.215
659,Fabien,Hosburn,fhosburnia@boston.com,Male,108.132.24.141
660,Claybourne,Downey,cdowneyib@cornell.edu,Male,44.64.68.134
661,Cathee,Beadman,cbeadmanic@icio.us,Female,179.247.58.172
662,Corina,Badger,cbadgerid@ustream.tv,Female,215.136.178.110
663,Niven,Kenyam,nkenyamie@illinois.edu,Male,34.227.62.32
664,Warde,Hudspith,whudspithif@ed.gov,Male,51.193.138.28
665,Reinold,Libbe,rlibbeig@symantec.com,Male,183.168.132.157
666,Mella,Enriquez,menriquezih@yelp.com,Female,141.80.35.201
667,Pascal,Kubis,pkubisii@pinterest.com,Male,214.72.150.42
668,Mag,Itzakovitz,mitzakovitzij@mozilla.org,Female,84.101.231.164
669,Kaja,Sawle,ksawleik@wix.com,Female,168.156.173.39
670,Lucias,Mobley,lmobleyil@soundcloud.com,Male,163.133.94.103
671,Ugo,Yakubowicz,uyakubowiczim@netlog.com,Male,41.140.240.214
672,Elwood,Swaysland,eswayslandin@gnu.org,Male,250.107.29.194
673,Torie,Brodley,tbrodleyio@reuters.com,Female,238.168.87.135
674,Red,Goman,rgomanip@usa.gov,Male,95.220.74.39
675,Elise,Volage,evolageiq@patch.com,Female,84.56.144.113
676,Marice,Kollaschek,mkollaschekir@twitpic.com,Female,54.227.7.167
677,Anderson,Alvy,aalvyis@pcworld.com,Male,73.64.195.20
678,Lara,Senior,lseniorit@miitbeian.gov.cn,Female,83.137.144.14
679,Melvin,Hannabus,mhannabusiu@pinterest.com,Male,115.229.36.71
680,Bobbee,Sawney,bsawneyiv@sina.com.cn,Female,174.68.201.121
681,Megen,Pasek,mpasekiw@psu.edu,Female,55.208.249.148
682,Vladamir,Condict,vcondictix@cargocollective.com,Male,216.70.74.156
683,Godfree,Proven,gproveniy@tiny.cc,Male,46.112.152.210
684,Fey,Salsberg,fsalsbergiz@bbb.org,Female,135.212.97.5
685,Sibylla,Olivello,solivelloj0@last.fm,Female,96.103.157.202
686,Nathanil,Parsisson,nparsissonj1@newsvine.com,Male,165.192.165.7
687,Esdras,Anselm,eanselmj2@soup.io,Male,249.54.91.218
688,Gertrudis,Mottershaw,gmottershawj3@businessinsider.com,Female,91.229.244.157
689,Johan,Finden,jfindenj4@vimeo.com,Male,205.227.133.213
690,Stillman,McCarle,smccarlej5@accuweather.com,Male,133.251.224.41
691,Svend,Woolam,swoolamj6@devhub.com,Male,193.136.177.19
692,Alejandro,Wyatt,awyattj7@ibm.com,Male,20.30.4.117
693,Hinda,Owen,howenj8@wikipedia.org,Female,150.100.46.47
694,Birgitta,Hardingham,bhardinghamj9@indiegogo.com,Female,112.222.51.223
695,Krysta,Truman,ktrumanja@slashdot.org,Female,8.41.161.51
696,Petey,Bartul,pbartuljb@jalbum.net,Male,187.60.100.11
697,Lon,Halliwell,lhalliwelljc@comcast.net,Male,5.232.178.99
698,Mac,Napper,mnapperjd@sphinn.com,Male,190.75.6.175
699,Britta,Petrasso,bpetrassoje@typepad.com,Female,47.39.181.237
700,Hobard,Creaney,hcreaneyjf@merriam-webster.com,Male,22.97.65.69
701,Norbert,Beed,nbeedjg@yale.edu,Male,151.5.148.223
702,Timmie,Northage,tnorthagejh@house.gov,Male,107.91.61.251
703,Elfie,Slowley,eslowleyji@shinystat.com,Female,147.62.195.128
704,Dayle,Albasiny,dalbasinyjj@dot.gov,Female,93.49.180.199
705,Emanuel,Blanket,eblanketjk@studiopress.com,Male,61.134.82.124
706,Colette,Kneal,cknealjl@adobe.com,Female,140.84.93.9
707,Dorree,Cayser,dcayserjm@flickr.com,Female,35.76.69.4
708,Leonelle,Skerme,lskermejn@com.com,Female,211.52.150.59
709,Yevette,Lawday,ylawdayjo@wikimedia.org,Agender,125.129.168.134
710,Davine,Malby,dmalbyjp@ycombinator.com,Female,147.95.252.100
711,Billi,Hixson,bhixsonjq@jalbum.net,Female,93.100.49.3
712,Roger,Buttrey,rbuttreyjr@bloglines.com,Male,222.254.30.213
713,Marabel,Stribbling,mstribblingjs@stanford.edu,Female,178.112.40.113
714,Towny,Broderick,tbroderickjt@printfriendly.com,Male,190.98.47.142
715,Ulrick,Leere,uleereju@wikimedia.org,Male,211.122.184.24
716,Debby,Bravington,dbravingtonjv@pbs.org,Female,88.249.237.194
717,Sean,Darnell,sdarnelljw@eventbrite.com,Male,93.199.80.100
718,Herbie,Genty,hgentyjx@ihg.com,Male,47.77.121.13
719,Vito,Janny,vjannyjy@epa.gov,Male,209.199.199.20
720,Amandi,Nevett,anevettjz@liveinternet.ru,Female,97.66.75.207
721,Tybi,Dogg,tdoggk0@github.com,Female,216.176.178.150
722,Steward,Raden,sradenk1@elegantthemes.com,Male,248.188.68.3
723,Adan,Mariyushkin,amariyushkink2@qq.com,Female,10.47.10.51
724,Lammond,Ettery,letteryk3@ovh.net,Male,192.2.23.236
725,Wolfie,Menezes,wmenezesk4@ustream.tv,Male,186.48.112.60
726,Loreen,Tansley,ltansleyk5@uiuc.edu,Female,2.142.21.170
727,Wilhelmine,Jelkes,wjelkesk6@mayoclinic.com,Female,3.209.143.197
728,Tabby,Wethers,twethersk7@github.com,Male,179.204.45.205
729,Arabella,Birdfield,abirdfieldk8@jiathis.com,Female,12.81.211.62
730,Fletcher,Applebee,fapplebeek9@google.nl,Polygender,123.7.105.74
731,Eunice,Roscoe,eroscoeka@devhub.com,Female,59.163.139.54
732,Joane,O'Duane,joduanekb@cbsnews.com,Female,4.24.27.248
733,Patrice,Strass,pstrasskc@tripadvisor.com,Bigender,190.23.95.131
734,Kerrill,Runsey,krunseykd@eepurl.com,Female,225.113.150.232
735,Clim,Carnaman,ccarnamanke@bloglovin.com,Male,151.145.84.81
736,Harper,Sebley,hsebleykf@php.net,Male,132.119.5.11
737,Son,Jessard,sjessardkg@wisc.edu,Male,31.230.85.226
738,Barry,Tolwood,btolwoodkh@vistaprint.com,Male,238.138.215.242
739,Michel,Magenny,mmagennyki@sphinn.com,Female,189.95.33.230
740,Carole,Ferruzzi,cferruzzikj@tinypic.com,Female,118.146.248.241
741,Thurston,Tejada,ttejadakk@bigcartel.com,Male,158.27.200.34
742,Muffin,Grestye,mgrestyekl@state.gov,Male,115.67.60.155
743,Charleen,Wittke,cwittkekm@networksolutions.com,Female,60.234.39.177
744,Lorri,Schurig,lschurigkn@purevolume.com,Female,108.137.211.211
745,Dinny,Hearnes,dhearnesko@chron.com,Female,248.232.238.90
746,Janessa,Braunds,jbraundskp@china.com.cn,Female,38.198.179.81
747,Ginni,Schust,gschustkq@qq.com,Female,155.182.209.101
748,Nari,Antushev,nantushevkr@comcast.net,Female,132.3.208.230
749,Morly,Trethowan,mtrethowanks@examiner.com,Male,110.20.127.93
750,Eleonora,Salmon,esalmonkt@redcross.org,Female,41.239.15.240
751,Thorstein,Elleray,tellerayku@xinhuanet.com,Male,171.1.77.62
752,Reid,Strudwick,rstrudwickkv@newyorker.com,Male,114.95.204.28
753,Aurlie,Boost,aboostkw@fda.gov,Female,20.176.126.95
754,Haskell,Lount,hlountkx@cornell.edu,Male,238.64.169.41
755,Joe,Linkleter,jlinkleterky@shop-pro.jp,Male,244.168.56.198
756,Cristina,Maytum,cmaytumkz@cnbc.com,Female,8.119.243.9
757,Zeke,Conochie,zconochiel0@lulu.com,Male,115.73.217.53
758,Durand,O'Leahy,doleahyl1@jugem.jp,Male,160.134.17.234
759,Garrik,Shovelton,gshoveltonl2@cbslocal.com,Male,151.229.62.149
760,Mei,Vellender,mvellenderl3@instagram.com,Female,18.220.73.51
761,Hobey,Cooley,hcooleyl4@canalblog.com,Male,184.58.47.158
762,Petrina,Chalk,pchalkl5@miitbeian.gov.cn,Female,25.151.77.253
763,Andrea,Thomasson,athomassonl6@yandex.ru,Male,147.104.47.88
764,Mabelle,Danzig,mdanzigl7@yahoo.com,Female,117.23.12.166
765,Robinia,Dallander,rdallanderl8@japanpost.jp,Female,241.190.145.58
766,Darcey,Jedrys,djedrysl9@goodreads.com,Female,23.70.153.194
767,Mitch,Clery,mcleryla@sogou.com,Male,193.213.187.29
768,Thom,Loines,tloineslb@uol.com.br,Male,180.113.67.87
769,Cull,Harrop,charroplc@about.com,Male,1.253.249.169
770,Niko,Scothorn,nscothornld@wikimedia.org,Male,23.236.243.95
771,Felike,Curtayne,fcurtaynele@woothemes.com,Male,214.201.119.82
772,Anatola,Nesbit,anesbitlf@google.cn,Genderfluid,155.246.124.227
773,Nananne,Tippings,ntippingslg@odnoklassniki.ru,Female,214.107.238.137
774,Loren,Aizlewood,laizlewoodlh@un.org,Male,231.124.148.103
775,Thomasina,Pannett,tpannettli@cornell.edu,Female,27.102.50.43
776,Meyer,Causer,mcauserlj@simplemachines.org,Male,148.156.218.179
777,Dyna,Rekes,drekeslk@hc360.com,Female,241.64.215.203
778,Bianca,Hamblyn,bhamblynll@nymag.com,Female,200.157.37.226
779,Gifford,McCathy,gmccathylm@bandcamp.com,Male,164.36.91.7
780,Robin,Stourton,rstourtonln@sina.com.cn,Male,189.115.175.53
781,Alexi,Rippingale,arippingalelo@lycos.com,Female,169.236.54.129
782,Alard,Cottis,acottislp@woothemes.com,Male,196.60.103.199
783,Zena,Dallaway,zdallawaylq@tmall.com,Female,121.175.139.224
784,Yancy,Molfino,ymolfinolr@liveinternet.ru,Male,102.112.178.120
785,Jayne,Burditt,jburdittls@usa.gov,Female,214.165.16.112
786,Feliks,Mully,fmullylt@scientificamerican.com,Male,66.90.204.144
787,Gweneth,Kittel,gkittellu@bizjournals.com,Female,100.13.161.64
788,Marsiella,Milson,mmilsonlv@cdbaby.com,Female,156.13.169.42
789,Jdavie,Snelgrove,jsnelgrovelw@prnewswire.com,Male,88.107.253.82
790,Jenine,Maddison,jmaddisonlx@livejournal.com,Female,38.113.222.58
791,Faustina,Ewestace,fewestacely@sourceforge.net,Female,41.215.177.119
792,Tamra,Sicha,tsichalz@who.int,Female,126.34.238.247
793,Rorke,Paolicchi,rpaolicchim0@abc.net.au,Male,25.174.72.193
794,Reggie,Sarll,rsarllm1@phoca.cz,Male,46.117.113.113
795,Lorianne,Lambdin,llambdinm2@youtu.be,Female,20.226.15.136
796,Dall,Soggee,dsoggeem3@blinklist.com,Male,52.46.168.146
797,Genovera,Kniveton,gknivetonm4@last.fm,Female,232.41.89.68
798,Edmund,Niles,enilesm5@artisteer.com,Male,198.182.161.0
799,Elisa,Edmenson,eedmensonm6@nsw.gov.au,Female,163.38.187.81
800,Jacquetta,Clemits,jclemitsm7@meetup.com,Female,175.100.99.61
801,Emeline,Kinnerk,ekinnerkm8@abc.net.au,Female,9.145.201.89
802,Heidi,Almey,halmeym9@goodreads.com,Female,69.206.114.241
803,Agneta,Hayhoe,ahayhoema@businessinsider.com,Female,225.4.242.150
804,Kiele,Gullivent,kgulliventmb@privacy.gov.au,Female,130.5.46.91
805,Bambie,Rigeby,brigebymc@home.pl,Female,72.9.57.66
806,Loella,Faloon,lfaloonmd@state.gov,Female,249.52.179.188
807,Morrie,Beamont,mbeamontme@fotki.com,Genderqueer,207.22.209.210
808,Lynette,De Blase,ldeblasemf@who.int,Female,229.186.60.26
809,Brittany,Rawet,brawetmg@creativecommons.org,Female,167.241.68.171
810,Nickie,Illing,nillingmh@howstuffworks.com,Male,92.104.116.216
811,Pearline,Thorneloe,pthorneloemi@wiley.com,Female,223.207.83.70
812,Jorgan,Brikner,jbriknermj@redcross.org,Male,20.141.50.115
813,Pat,McGettigan,pmcgettiganmk@123-reg.co.uk,Male,191.73.163.53
814,Mychal,Hanbury,mhanburyml@hugedomains.com,Male,141.226.235.198
815,Matt,Shewery,mshewerymm@nasa.gov,Male,183.155.109.31
816,Aurelie,Wayvill,awayvillmn@webnode.com,Female,49.244.153.250
817,Barris,Tellesson,btellessonmo@amazonaws.com,Male,179.112.3.210
818,Jillane,Canfield,jcanfieldmp@symantec.com,Female,4.197.12.115
819,Marv,Swaine,mswainemq@networkadvertising.org,Male,171.23.18.110
820,Flor,Lamberts,flambertsmr@loc.gov,Female,45.241.149.103
821,Lavinie,Sowten,lsowtenms@vistaprint.com,Female,206.166.205.220
822,Luce,Hall-Gough,lhallgoughmt@thetimes.co.uk,Male,23.36.54.163
823,Warden,Ringwood,wringwoodmu@answers.com,Male,156.41.85.71
824,Harrietta,Rowter,hrowtermv@amazonaws.com,Female,236.212.17.134
825,Gale,Monkhouse,gmonkhousemw@hugedomains.com,Female,6.26.241.218
826,Vivi,Balk,vbalkmx@360.cn,Female,92.161.112.52
827,Kendal,Bonafant,kbonafantmy@sina.com.cn,Non-binary,132.242.113.149
828,Arlen,Rotlauf,arotlaufmz@biblegateway.com,Male,146.111.107.51
829,Junia,Coney,jconeyn0@tumblr.com,Female,46.182.217.250
830,Stanleigh,Jaques,sjaquesn1@so-net.ne.jp,Male,179.64.6.110
831,Gardiner,Batterham,gbatterhamn2@ox.ac.uk,Male,1.137.14.120
832,Jessie,Ambler,jamblern3@xinhuanet.com,Male,192.78.29.210
833,Colette,Trelevan,ctrelevann4@xing.com,Female,229.27.194.17
834,Sol,Barefoot,sbarefootn5@yahoo.co.jp,Male,77.217.52.165
835,Caty,O' Concannon,coconcannonn6@w3.org,Female,254.93.40.146
836,Thorny,Londesborough,tlondesboroughn7@wikimedia.org,Male,25.123.201.137
837,Feodor,Brashaw,fbrashawn8@reddit.com,Male,114.37.249.92
838,Carlin,Wilber,cwilbern9@washingtonpost.com,Female,196.87.141.196
839,Caprice,Ege,cegena@kickstarter.com,Female,202.126.130.19
840,Jannelle,Jewel,jjewelnb@liveinternet.ru,Female,53.41.210.79
841,Daphna,Carrigan,dcarrigannc@aol.com,Female,234.230.214.117
842,Jewel,Boules,jboulesnd@goo.ne.jp,Female,190.12.161.8
843,Wade,Dod,wdodne@pagesperso-orange.fr,Male,156.50.247.176
844,Adorne,Besse,abessenf@cam.ac.uk,Female,55.75.61.34
845,Carlota,Alabaster,calabasterng@cyberchimps.com,Female,71.178.159.11
846,Willette,Jobling,wjoblingnh@indiegogo.com,Female,224.141.135.100
847,Dewey,Connerry,dconnerryni@wikia.com,Male,224.180.154.160
848,Gale,Giddins,ggiddinsnj@nytimes.com,Female,89.223.121.87
849,Llywellyn,Oldfield,loldfieldnk@reuters.com,Male,87.146.193.110
850,Cliff,Trevallion,ctrevallionnl@microsoft.com,Male,158.94.224.63
851,Joscelin,Snelson,jsnelsonnm@tinypic.com,Female,63.156.182.89
852,Winnie,Cropp,wcroppnn@t-online.de,Male,76.201.61.76
853,Alasdair,Gabbatiss,agabbatissno@squarespace.com,Male,154.243.172.23
854,Minnaminnie,Yorke,myorkenp@nytimes.com,Female,66.212.71.206
855,Kimmy,Martinek,kmartineknq@wikia.com,Genderqueer,96.116.93.157
856,Jonie,Pfiffer,jpfiffernr@craigslist.org,Female,199.98.96.210
857,Belvia,Tofful,btoffulns@wsj.com,Female,9.187.28.159
858,Ardra,Hupka,ahupkant@youtube.com,Female,12.69.40.64
859,De witt,Camoletto,dcamolettonu@go.com,Male,194.91.227.27
860,Heindrick,Premble,hpremblenv@jigsy.com,Male,112.78.4.233
861,Elsworth,Loncaster,eloncasternw@ebay.com,Male,147.195.72.138
862,Efrem,Kitchingman,ekitchingmannx@oracle.com,Male,101.92.232.100
863,Jemima,Woodhams,jwoodhamsny@alexa.com,Female,161.167.253.75
864,Redford,Skegg,rskeggnz@jiathis.com,Male,85.25.123.104
865,Arie,Perren,aperreno0@google.pl,Male,74.219.145.1
866,Karla,Powder,kpowdero1@wired.com,Non-binary,47.147.70.134
867,Paquito,Titt,ptitto2@edublogs.org,Male,175.240.184.131
868,Gareth,Puttock,gputtocko3@weather.com,Male,0.216.59.1
869,Jobi,Weekland,jweeklando4@cbslocal.com,Female,145.43.230.70
870,Rusty,Bonde,rbondeo5@addthis.com,Male,28.79.245.3
871,Brent,Stollenhof,bstollenhofo6@webmd.com,Male,105.179.234.49
872,Sergeant,Eccleshall,seccleshallo7@delicious.com,Male,220.9.161.231
873,Dawn,Hunnable,dhunnableo8@github.com,Female,210.185.10.4
874,Austin,Greenard,agreenardo9@opera.com,Male,224.91.178.150
875,Junette,Flaune,jflauneoa@posterous.com,Female,193.91.236.75
876,Pate,Kayley,pkayleyob@nhs.uk,Male,208.192.187.24
877,Maggee,Crux,mcruxoc@rakuten.co.jp,Female,184.140.112.252
878,Darnell,Serrier,dserrierod@census.gov,Male,11.48.70.2
879,Kiel,Riddell,kriddelloe@list-manage.com,Male,215.239.61.250
880,Stanton,Blanko,sblankoof@nbcnews.com,Male,109.51.138.152
881,Sander,Lankford,slankfordog@purevolume.com,Male,212.128.249.9
882,Betteann,Prescot,bprescotoh@yellowpages.com,Polygender,54.15.30.75
883,Adella,Tweede,atweedeoi@mit.edu,Female,142.112.155.35
884,Mick,Ducket,mducketoj@skype.com,Male,6.155.193.205
885,Jordon,Hedden,jheddenok@gmpg.org,Male,159.204.72.121
886,Lamar,Sanchiz,lsanchizol@cocolog-nifty.com,Male,100.26.47.226
887,Jude,Yvens,jyvensom@umich.edu,Male,74.199.195.236
888,Cathrine,Klulisek,cklulisekon@mozilla.com,Female,3.189.161.247
889,Creighton,Howling,chowlingoo@deviantart.com,Male,244.42.51.18
890,Clo,Feaveryear,cfeaveryearop@soup.io,Female,228.100.229.40
891,Teador,Letch,tletchoq@auda.org.au,Male,165.62.55.167
892,Whitney,Maffioni,wmaffionior@scribd.com,Male,7.247.70.101
893,Faulkner,Mc Ilory,fmciloryos@hostgator.com,Male,142.61.128.167
894,Jemimah,Goshawke,jgoshawkeot@bloglines.com,Female,83.248.25.26
895,Julius,Tomsett,jtomsettou@rambler.ru,Male,251.126.227.15
896,Bronson,Gyurko,bgyurkoov@studiopress.com,Male,159.175.62.147
897,Frank,Exall,fexallow@issuu.com,Male,22.209.245.20
898,Eryn,MacIntyre,emacintyreox@ca.gov,Female,9.140.218.149
899,Symon,Normanville,snormanvilleoy@businesswire.com,Male,139.5.246.138
900,Franny,Tatters,ftattersoz@odnoklassniki.ru,Female,8.227.111.36
901,Suzi,Kunzler,skunzlerp0@hatena.ne.jp,Female,29.231.106.141
902,Rorke,Brisker,rbriskerp1@goo.ne.jp,Male,71.21.80.125
903,Ara,Wollacott,awollacottp2@de.vu,Male,214.74.253.62
904,Merwin,Sherred,msherredp3@barnesandnoble.com,Male,89.45.131.127
905,Carolan,Doxey,cdoxeyp4@telegraph.co.uk,Agender,96.107.106.242
906,Phyllys,Kenzie,pkenziep5@intel.com,Female,207.19.24.76
907,Wren,Ambrosetti,wambrosettip6@nps.gov,Female,59.18.192.217
908,Thibaut,Bresner,tbresnerp7@sina.com.cn,Male,166.11.29.2
909,Ginevra,Fitter,gfitterp8@cbslocal.com,Female,181.111.179.26
910,Brena,Hayward,bhaywardp9@samsung.com,Female,234.108.218.59
911,Jerry,Medgwick,jmedgwickpa@networkadvertising.org,Male,155.190.172.90
912,Maurizio,Baumer,mbaumerpb@stumbleupon.com,Male,172.203.146.194
913,Philippine,Mibourne,pmibournepc@jimdo.com,Female,248.93.14.254
914,Clive,Goodbarne,cgoodbarnepd@statcounter.com,Male,143.242.46.145
915,Ray,Twinning,rtwinningpe@bloglovin.com,Male,111.70.43.201
916,Granger,Yates,gyatespf@netscape.com,Male,124.160.191.117
917,Vin,Cobbing,vcobbingpg@is.gd,Female,172.133.205.119
918,Audre,Coxall,acoxallph@apple.com,Non-binary,149.142.33.243
919,Bettye,Poltun,bpoltunpi@who.int,Female,230.188.226.199
920,Justus,Drought,jdroughtpj@netscape.com,Male,174.21.103.234
921,Annis,Longina,alonginapk@theatlantic.com,Female,204.35.31.27
922,Katee,Hawlgarth,khawlgarthpl@smugmug.com,Female,177.141.107.210
923,Rick,Livermore,rlivermorepm@hao123.com,Male,157.88.121.73
924,Aymer,Saynor,asaynorpn@examiner.com,Male,42.59.124.100
925,Alan,Linnitt,alinnittpo@kickstarter.com,Male,82.208.176.34
926,Liza,Hamley,lhamleypp@pinterest.com,Female,97.159.38.33
927,Zollie,Callow,zcallowpq@ca.gov,Male,218.145.184.96
928,Wadsworth,Blazey,wblazeypr@163.com,Male,59.84.15.202
929,Nanny,Vickars,nvickarsps@nps.gov,Female,150.89.17.48
930,Payton,Wreight,pwreightpt@newyorker.com,Male,113.133.50.213
931,Charo,Rubinovitch,crubinovitchpu@java.com,Female,251.135.239.235
932,Enrico,Rubra,erubrapv@google.com.hk,Male,16.242.199.241
933,Edik,Diable,ediablepw@sphinn.com,Male,38.170.153.249
934,Alon,Willder,awillderpx@illinois.edu,Male,58.174.160.169
935,Case,Norewood,cnorewoodpy@whitehouse.gov,Polygender,188.99.75.225
936,Fidelio,Leuty,fleutypz@sakura.ne.jp,Male,45.253.8.125
937,Geoffrey,Boteman,gbotemanq0@360.cn,Male,213.127.22.214
938,Bink,Boast,bboastq1@elegantthemes.com,Male,103.192.216.196
939,Elisa,Nast,enastq2@vinaora.com,Female,217.34.14.71
940,Hayes,Sindall,hsindallq3@hibu.com,Male,174.161.80.18
941,Merv,Andrivel,mandrivelq4@illinois.edu,Male,193.186.216.54
942,Arlyn,Borres,aborresq5@cam.ac.uk,Female,81.37.206.161
943,Windy,Rabidge,wrabidgeq6@columbia.edu,Female,154.168.39.24
944,Rosalie,Longhurst,rlonghurstq7@t-online.de,Female,112.208.168.183
945,Kathie,Bellwood,kbellwoodq8@storify.com,Bigender,202.87.175.230
946,Amos,Ferier,aferierq9@bbc.co.uk,Male,23.47.48.200
947,Bertina,Beart,bbeartqa@mapquest.com,Female,12.39.207.215
948,Hester,Thomasset,hthomassetqb@amazon.com,Female,87.20.134.102
949,Melesa,Jacmard,mjacmardqc@statcounter.com,Agender,155.8.42.63
950,Helsa,Mcwhinney,hmcwhinneyqd@weather.com,Agender,78.168.188.156
951,Aeriela,Behnecke,abehneckeqe@adobe.com,Female,180.93.202.232
952,Herve,Caitlin,hcaitlinqf@who.int,Male,236.209.14.99
953,Jerrold,Hotton,jhottonqg@amazon.de,Male,113.97.112.142
954,Peder,Rosier,prosierqh@symantec.com,Male,207.49.40.91
955,Wait,Wakley,wwakleyqi@elegantthemes.com,Male,120.101.183.199
956,Silvano,Pretsel,spretselqj@census.gov,Male,188.223.240.232
957,Kalle,Saxby,ksaxbyqk@addthis.com,Male,144.214.78.184
958,Padriac,Sammonds,psammondsql@nbcnews.com,Genderfluid,239.167.77.37
959,Ronica,Greenshiels,rgreenshielsqm@homestead.com,Female,52.229.135.5
960,Lonnie,Effaunt,leffauntqn@theguardian.com,Bigender,70.77.137.239
961,Lanie,De Biasi,ldebiasiqo@hud.gov,Male,239.9.249.35
962,Gaspar,O'Hanley,gohanleyqp@fc2.com,Male,131.120.28.12
963,Bucky,Zolini,bzoliniqq@parallels.com,Male,120.122.76.240
964,Jabez,Ehlerding,jehlerdingqr@123-reg.co.uk,Agender,38.36.83.162
965,Wenona,Kinmond,wkinmondqs@dailymail.co.uk,Genderqueer,68.20.65.203
966,Eldridge,Vakhlov,evakhlovqt@jigsy.com,Male,220.186.155.146
967,Alla,Draijer,adraijerqu@nsw.gov.au,Female,194.213.74.173
968,Hansiain,Farney,hfarneyqv@comcast.net,Male,236.206.155.43
969,Gaylor,Dedney,gdedneyqw@edublogs.org,Male,227.243.173.67
970,Casar,Cutler,ccutlerqx@bloglovin.com,Male,180.130.161.161
971,Laverna,Flinn,lflinnqy@bloomberg.com,Female,170.108.179.112
972,Moira,Mein,mmeinqz@baidu.com,Female,77.179.74.12
973,Eliza,Carnilian,ecarnilianr0@thetimes.co.uk,Female,212.94.199.74
974,Beatriz,Broose,bbrooser1@opera.com,Female,22.155.145.164
975,Reynolds,Stuckley,rstuckleyr2@wordpress.org,Male,158.117.75.235
976,Cchaddie,Winkell,cwinkellr3@google.ca,Male,94.119.136.39
977,Riobard,De Winton,rdewintonr4@comcast.net,Male,206.128.2.19
978,Rafferty,McDonogh,rmcdonoghr5@bluehost.com,Genderfluid,246.187.184.155
979,Aaron,Tallet,atalletr6@deviantart.com,Male,107.78.7.49
980,Jayme,Rimour,jrimourr7@netscape.com,Female,175.34.38.58
981,Randy,Malkin,rmalkinr8@bloomberg.com,Female,65.254.42.117
982,Adoree,Snasdell,asnasdellr9@squidoo.com,Female,21.188.234.25
983,Averill,Shuttleworth,ashuttleworthra@tinyurl.com,Male,83.253.224.250
984,Curt,Flintiff,cflintiffrb@yahoo.co.jp,Genderqueer,63.84.44.1
985,Helene,Tether,htetherrc@dagondesign.com,Female,218.177.221.19
986,Rossy,Markwell,rmarkwellrd@yandex.ru,Male,56.165.6.127
987,Virge,Sheavills,vsheavillsre@twitpic.com,Male,164.107.236.167
988,Pavel,Camosso,pcamossorf@examiner.com,Male,71.189.44.98
989,Balduin,Northidge,bnorthidgerg@simplemachines.org,Male,218.238.126.254
990,Barnabas,de Glanville,bdeglanvillerh@utexas.edu,Male,142.210.63.62
991,Kailey,Wethered,kwetheredri@mtv.com,Female,170.2.166.115
992,Kellen,Westcarr,kwestcarrrj@desdev.cn,Female,159.111.148.59
993,Lonnie,Stevenson,lstevensonrk@google.ru,Male,152.73.25.231
994,Dale,Sedworth,dsedworthrl@imgur.com,Male,203.87.76.180
995,Miriam,Hourahan,mhourahanrm@msn.com,Genderqueer,111.104.182.118
996,Orazio,Beatty,obeattyrn@sfgate.com,Genderfluid,249.75.60.83
997,Devina,Wall,dwallro@soup.io,Female,71.144.198.186
998,Nikoletta,Layman,nlaymanrp@usgs.gov,Female,41.56.56.197
999,Casey,Umbers,cumbersrq@tiny.cc,Polygender,8.195.179.143
1000,Lewie,Kew,lkewrr@twitter.com,Male,246.186.100.83
